evaluation,n_samples,n_phishing,n_legitimate,threshold,accuracy,balanced_accuracy,precision,recall,specificity,npv,f1,f1_macro,f1_weighted,f2,false_positive_rate,false_negative_rate,mcc,cohen_kappa,roc_auc,pr_auc,log_loss,brier_score,tp,fp,tn,fn
test_holdout,2214.000000,981.000000,1233.000000,0.500000,0.895212,0.891962,0.896296,0.863405,0.920519,0.894405,0.879543,0.893409,0.894987,0.869788,0.079481,0.136595,0.787305,0.786875,0.960751,0.955292,0.250163,0.077094,847.000000,98.000000,1135.000000,134.000000
train_cv_out_of_fold,8841.000000,3917.000000,4924.000000,0.500000,0.894017,0.891984,0.885212,0.874138,0.909829,0.900865,0.879640,0.892483,0.893945,0.876331,0.090171,0.125862,0.785022,0.784972,0.962860,0.960163,0.240379,0.075336,3424.000000,444.000000,4480.000000,493.000000
cv_fold_1,1766.000000,783.000000,983.000000,0.500000,0.867497,0.866945,0.842697,0.862069,0.871821,0.888083,0.852273,0.866075,0.867638,0.858124,0.128179,0.137931,0.732333,0.732178,0.952454,0.948759,0.265349,0.087133,675.000000,126.000000,857.000000,108.000000
cv_fold_2,1768.000000,783.000000,985.000000,0.500000,0.892534,0.890589,0.882581,0.873563,0.907614,0.900302,0.878049,0.890996,0.892475,0.875352,0.092386,0.126437,0.782030,0.781997,0.961583,0.955918,0.251052,0.077782,684.000000,91.000000,894.000000,99.000000
cv_fold_3,1769.000000,784.000000,985.000000,0.500000,0.899943,0.896357,0.905207,0.864796,0.927919,0.896078,0.884540,0.898130,0.899675,0.872587,0.072081,0.135204,0.796989,0.796342,0.967643,0.965382,0.226960,0.070692,678.000000,71.000000,914.000000,106.000000
cv_fold_4,1770.000000,784.000000,986.000000,0.500000,0.901695,0.899352,0.897135,0.878827,0.919878,0.905190,0.887887,0.900181,0.901584,0.882428,0.080122,0.121173,0.800513,0.800378,0.968593,0.963980,0.227930,0.071086,689.000000,79.000000,907.000000,95.000000
cv_fold_5,1768.000000,783.000000,985.000000,0.500000,0.908371,0.906635,0.900645,0.891443,0.921827,0.914401,0.896021,0.907060,0.908321,0.893268,0.078173,0.108557,0.814158,0.814123,0.966598,0.966204,0.230657,0.070007,698.000000,77.000000,908.000000,85.000000
cv_mean,1768.200000,783.400000,984.800000,0.500000,0.894008,0.891976,0.885653,0.874140,0.909812,0.900811,0.879754,0.892488,0.893939,0.876352,0.090188,0.125860,0.785204,0.785004,0.963374,0.960049,0.240389,0.075340,684.800000,88.800000,896.000000,98.600000
cv_std,1.483240,0.547723,1.095445,0.000000,0.015856,0.015141,0.025464,0.011776,0.022482,0.009855,0.016672,0.015837,0.015749,0.012947,0.022482,0.011776,0.031690,0.031672,0.006677,0.007522,0.017081,0.007300,9.148770,22.027256,22.989128,9.235800
reference: all_30_features_random_split (leaky features + duplicate leakage),2211.000000,980.000000,1231.000000,0.500000,0.956581,0.955494,0.955670,0.945918,0.965069,0.957293,0.950769,0.955967,0.956557,0.947853,0.034931,0.054082,0.911974,0.911936,0.993069,0.991810,0.138165,0.036813,927.000000,43.000000,1188.000000,53.000000
reference: all_30_features_group_split (leaky features),2214.000000,981.000000,1233.000000,0.500000,0.947154,0.945471,0.949064,0.930683,0.960260,0.945687,0.939784,0.946351,0.947098,0.934302,0.039740,0.069317,0.892845,0.892709,0.988755,0.986808,0.160846,0.044692,913.000000,49.000000,1184.000000,68.000000
reference: selected_features_random_split (duplicate leakage),2211.000000,980.000000,1231.000000,0.500000,0.896427,0.893878,0.892372,0.871429,0.916328,0.899522,0.881776,0.894812,0.896291,0.875538,0.083672,0.128571,0.789822,0.789646,0.967379,0.963297,0.225932,0.071901,854.000000,103.000000,1128.000000,126.000000
